[
  {
    "id": "28221e38-fa31-46fc-921b-cd5060bdee69",
    "data": [
      {
        "text": "What does the risk chart say about ",
        "userDefined": false
      },
      {
        "text": "Goldbach",
        "meta": "@tx_company",
        "alias": "tx_company",
        "userDefined": true
      }
    ],
    "isTemplate": false,
    "count": 0,
    "lang": "en",
    "updated": 0
  },
  {
    "id": "69fbe34a-3271-419f-ad4f-8cde84bd26db",
    "data": [
      {
        "text": "Please give me the risk chart for ",
        "userDefined": false
      },
      {
        "text": "20 Minuten",
        "meta": "@tx_company",
        "alias": "tx_company",
        "userDefined": true
      }
    ],
    "isTemplate": false,
    "count": 0,
    "lang": "en",
    "updated": 0
  },
  {
    "id": "fe754eef-2463-4208-acd1-5a54f3571156",
    "data": [
      {
        "text": "What does the risk chart for ",
        "userDefined": false
      },
      {
        "text": "tamedia",
        "meta": "@tx_company",
        "alias": "tx_company",
        "userDefined": true
      },
      {
        "text": " ",
        "userDefined": false
      },
      {
        "text": "look",
        "userDefined": true
      },
      {
        "text": " like?",
        "userDefined": false
      }
    ],
    "isTemplate": false,
    "count": 0,
    "lang": "en",
    "updated": 0
  },
  {
    "id": "eb46a6b2-79f2-47d1-9e05-e166b0d25fa8",
    "data": [
      {
        "text": "Show me the risk chart for ",
        "userDefined": false
      },
      {
        "text": "20 Minuten",
        "meta": "@tx_company",
        "alias": "tx_company",
        "userDefined": true
      }
    ],
    "isTemplate": false,
    "count": 0,
    "lang": "en",
    "updated": 0
  }
]