[
  {
    "id": "7c63db92-e1a6-4456-bd37-4e103a7d39ea",
    "data": [
      {
        "text": "I need you to provide me with ",
        "userDefined": false
      },
      {
        "text": "security",
        "meta": "@tx_assessment_type",
        "alias": "tx_assessment_type",
        "userDefined": false
      },
      {
        "text": " ",
        "userDefined": false
      },
      {
        "text": "risk chart",
        "meta": "@tx_assessment_category",
        "alias": "tx_assessment_category",
        "userDefined": true
      },
      {
        "text": " for ",
        "userDefined": false
      },
      {
        "text": "IT",
        "meta": "@tx_company",
        "alias": "tx_company",
        "userDefined": false
      },
      {
        "text": ".",
        "userDefined": false
      }
    ],
    "isTemplate": false,
    "count": 0,
    "lang": "en",
    "updated": 0
  },
  {
    "id": "f2f6e598-2fbe-45d9-b5b3-1d1372b22593",
    "data": [
      {
        "text": "Give me the ",
        "userDefined": false
      },
      {
        "text": "privacy",
        "meta": "@tx_assessment_type",
        "alias": "tx_assessment_type",
        "userDefined": false
      },
      {
        "text": " ",
        "userDefined": false
      },
      {
        "text": "risk epics",
        "meta": "@tx_assessment_category",
        "alias": "tx_assessment_category",
        "userDefined": false
      },
      {
        "text": " for ",
        "userDefined": false
      },
      {
        "text": "Tamedia",
        "meta": "@tx_company",
        "alias": "tx_company",
        "userDefined": false
      },
      {
        "text": ".",
        "userDefined": false
      }
    ],
    "isTemplate": false,
    "count": 0,
    "lang": "en",
    "updated": 0
  },
  {
    "id": "9b333521-4cf9-411c-a990-55b00baaae9f",
    "data": [
      {
        "text": "What is the ",
        "userDefined": false
      },
      {
        "text": "technology",
        "meta": "@tx_assessment_type",
        "alias": "tx_assessment_type",
        "userDefined": true
      },
      {
        "text": " assessment data for ",
        "userDefined": false
      },
      {
        "text": "20 Minuten",
        "meta": "@tx_company",
        "alias": "tx_company",
        "userDefined": false
      },
      {
        "text": "? Show me the ",
        "userDefined": false
      },
      {
        "text": "risk chart",
        "meta": "@tx_assessment_category",
        "alias": "tx_assessment_category",
        "userDefined": false
      },
      {
        "text": ".",
        "userDefined": false
      }
    ],
    "isTemplate": false,
    "count": 0,
    "lang": "en",
    "updated": 0
  },
  {
    "id": "d362cb1f-47c9-4b21-bd05-1c100baadefd",
    "data": [
      {
        "text": "Show me ",
        "userDefined": false
      },
      {
        "text": "technology",
        "meta": "@tx_assessment_type",
        "alias": "tx_assessment_type",
        "userDefined": true
      },
      {
        "text": " assessment data for ",
        "userDefined": false
      },
      {
        "text": "IT",
        "meta": "@tx_company",
        "alias": "tx_company",
        "userDefined": true
      },
      {
        "text": ".",
        "userDefined": false
      }
    ],
    "isTemplate": false,
    "count": 0,
    "lang": "en",
    "updated": 0
  },
  {
    "id": "a83e209b-432c-4e02-8c1a-2881d23aa114",
    "data": [
      {
        "text": "Give me ",
        "userDefined": false
      },
      {
        "text": "security",
        "meta": "@tx_assessment_type",
        "alias": "tx_assessment_type",
        "userDefined": false
      },
      {
        "text": " assessment data.",
        "userDefined": false
      }
    ],
    "isTemplate": false,
    "count": 0,
    "lang": "en",
    "updated": 0
  },
  {
    "id": "d99ab09c-1b79-43ba-a4be-e9ad70516407",
    "data": [
      {
        "text": "Show me assessment data.",
        "userDefined": false
      }
    ],
    "isTemplate": false,
    "count": 0,
    "lang": "en",
    "updated": 0
  }
]