[
  {
    "id": "08627c06-d8f3-4bbf-ad5f-2a058a7181a2",
    "data": [
      {
        "text": "I need a guide",
        "userDefined": false
      }
    ],
    "isTemplate": false,
    "count": 0,
    "lang": "en",
    "updated": 0
  },
  {
    "id": "8c6bdc23-f731-4f8c-abd4-beb397b069bb",
    "data": [
      {
        "text": "I\u0027m stuck, help me please!",
        "userDefined": false
      }
    ],
    "isTemplate": false,
    "count": 0,
    "lang": "en",
    "updated": 0
  },
  {
    "id": "bcda45d6-07e3-49bf-b191-09d7d7f2d9da",
    "data": [
      {
        "text": "What are your capabilities?",
        "userDefined": false
      }
    ],
    "isTemplate": false,
    "count": 0,
    "lang": "en",
    "updated": 0
  },
  {
    "id": "2e1736d4-b77b-472e-a1ec-7fe0af61e34e",
    "data": [
      {
        "text": "What can you do?",
        "userDefined": false
      }
    ],
    "isTemplate": false,
    "count": 0,
    "lang": "en",
    "updated": 0
  },
  {
    "id": "c3f96378-1f0c-44c6-801a-233628f7a4c2",
    "data": [
      {
        "text": "I need Help",
        "userDefined": false
      }
    ],
    "isTemplate": false,
    "count": 0,
    "lang": "en",
    "updated": 0
  },
  {
    "id": "784f32ab-5ea8-4c0c-8a10-fa792d2884af",
    "data": [
      {
        "text": "Help me",
        "userDefined": false
      }
    ],
    "isTemplate": false,
    "count": 0,
    "lang": "en",
    "updated": 0
  }
]