[
  {
    "id": "0126c3f4-6787-4bab-803b-b81bdb5b5ec1",
    "data": [
      {
        "text": "I want to see all the ",
        "userDefined": false
      },
      {
        "text": "20 Minutes",
        "meta": "@tx_company",
        "alias": "tx_company",
        "userDefined": true
      },
      {
        "text": " highlights from the ",
        "userDefined": false
      },
      {
        "text": "current year",
        "meta": "@sys.date-time",
        "alias": "date_time",
        "userDefined": true
      }
    ],
    "isTemplate": false,
    "count": 0,
    "lang": "en",
    "updated": 0
  },
  {
    "id": "58e4418b-a0d4-464c-bca8-a990c75d2878",
    "data": [
      {
        "text": "Please show me all the ",
        "userDefined": false
      },
      {
        "text": "Tutti",
        "meta": "@tx_company",
        "alias": "tx_company",
        "userDefined": true
      },
      {
        "text": " highlights from ",
        "userDefined": false
      },
      {
        "text": "last month",
        "meta": "@sys.date-time",
        "alias": "date_time",
        "userDefined": true
      }
    ],
    "isTemplate": false,
    "count": 0,
    "lang": "en",
    "updated": 0
  },
  {
    "id": "0848381c-0f66-44f2-a62c-971cf8df385b",
    "data": [
      {
        "text": "Give me ",
        "userDefined": false
      },
      {
        "text": "TX Group",
        "meta": "@tx_company",
        "alias": "tx_company",
        "userDefined": false
      },
      {
        "text": " highlights from ",
        "userDefined": false
      },
      {
        "text": "last year",
        "meta": "@sys.date-time",
        "alias": "date_time",
        "userDefined": true
      }
    ],
    "isTemplate": false,
    "count": 0,
    "lang": "en",
    "updated": 0
  },
  {
    "id": "48d844a9-84f2-4e9c-a6d3-e15935abf2bf",
    "data": [
      {
        "text": "Show me all the highlights for ",
        "userDefined": false
      },
      {
        "text": "20 Minutes",
        "meta": "@tx_company",
        "alias": "tx_company",
        "userDefined": false
      },
      {
        "text": " from the ",
        "userDefined": false
      },
      {
        "text": "current month",
        "meta": "@sys.date-time",
        "alias": "date_time",
        "userDefined": true
      }
    ],
    "isTemplate": false,
    "count": 0,
    "lang": "en",
    "updated": 0
  },
  {
    "id": "f1eacd38-925b-4303-a966-51f78db355cc",
    "data": [
      {
        "text": "Show me ",
        "userDefined": false
      },
      {
        "text": "TX Group",
        "meta": "@tx_company",
        "alias": "tx_company",
        "userDefined": false
      },
      {
        "text": " highlights",
        "userDefined": false
      }
    ],
    "isTemplate": false,
    "count": 0,
    "lang": "en",
    "updated": 0
  }
]