[
  {
    "id": "a4ab13cc-80af-4d8c-a8a6-ae0f89bf293c",
    "data": [
      {
        "text": "I want to see all incidents from ",
        "userDefined": false
      },
      {
        "text": "last year",
        "meta": "@sys.date-time",
        "alias": "date_time",
        "userDefined": true
      },
      {
        "text": " for ",
        "userDefined": false
      },
      {
        "text": "TX Group",
        "meta": "@tx_company",
        "alias": "tx_company",
        "userDefined": true
      }
    ],
    "isTemplate": false,
    "count": 0,
    "lang": "en",
    "updated": 0
  },
  {
    "id": "2f15fe23-b738-41f2-a40e-125474759cfb",
    "data": [
      {
        "text": "Show me all incidents of ",
        "userDefined": false
      },
      {
        "text": "TX Group",
        "meta": "@tx_company",
        "alias": "tx_company",
        "userDefined": true
      },
      {
        "text": " for the ",
        "userDefined": false
      },
      {
        "text": "current month",
        "meta": "@sys.date-time",
        "alias": "date_time",
        "userDefined": true
      }
    ],
    "isTemplate": false,
    "count": 0,
    "lang": "en",
    "updated": 0
  },
  {
    "id": "8edcf18e-d3ac-4d64-b6e4-938da8bec635",
    "data": [
      {
        "text": "Please give me the incidents of ",
        "userDefined": false
      },
      {
        "text": "Tamedia",
        "meta": "@tx_company",
        "alias": "tx_company",
        "userDefined": true
      },
      {
        "text": " from this ",
        "userDefined": false
      },
      {
        "text": "current year",
        "meta": "@sys.date-time",
        "alias": "date_time",
        "userDefined": true
      }
    ],
    "isTemplate": false,
    "count": 0,
    "lang": "en",
    "updated": 0
  },
  {
    "id": "d1f29ad0-c585-4832-a5a6-1ee76de1c26f",
    "data": [
      {
        "text": "Show me incidents of ",
        "userDefined": false
      },
      {
        "text": "20 Minutes",
        "meta": "@tx_company",
        "alias": "tx_company",
        "userDefined": false
      },
      {
        "text": " from ",
        "userDefined": false
      },
      {
        "text": "last month",
        "meta": "@sys.date-time",
        "alias": "date_time",
        "userDefined": true
      }
    ],
    "isTemplate": false,
    "count": 0,
    "lang": "en",
    "updated": 0
  },
  {
    "id": "95a50a15-a094-4141-9e94-c229d5b303ce",
    "data": [
      {
        "text": "Show me incidents of ",
        "userDefined": false
      },
      {
        "text": "TX Group",
        "meta": "@tx_company",
        "alias": "tx_company",
        "userDefined": false
      }
    ],
    "isTemplate": false,
    "count": 0,
    "lang": "en",
    "updated": 0
  }
]