[
  {
    "id": "b35a4c3a-5e8d-4973-a59b-6938d73c5a52",
    "data": [
      {
        "text": "What do the ",
        "userDefined": false
      },
      {
        "text": "risk epics",
        "userDefined": false
      },
      {
        "text": " of type ",
        "userDefined": false
      },
      {
        "text": "privacy",
        "meta": "@tx_assessment_type",
        "alias": "tx_assessment_type",
        "userDefined": true
      },
      {
        "text": " look like for ",
        "userDefined": false
      },
      {
        "text": "TX Group",
        "meta": "@tx_company",
        "alias": "tx_company",
        "userDefined": false
      },
      {
        "text": "?",
        "userDefined": false
      }
    ],
    "isTemplate": false,
    "count": 0,
    "lang": "en",
    "updated": 0
  },
  {
    "id": "302d78aa-d9dd-47bb-8bc7-562d08898a40",
    "data": [
      {
        "text": "Give me the ",
        "userDefined": false
      },
      {
        "text": "risk epics",
        "userDefined": false
      },
      {
        "text": " of type ",
        "userDefined": false
      },
      {
        "text": "technology",
        "meta": "@tx_assessment_type",
        "alias": "tx_assessment_type",
        "userDefined": false
      },
      {
        "text": " for ",
        "userDefined": false
      },
      {
        "text": "20 Minuten",
        "meta": "@tx_company",
        "alias": "tx_company",
        "userDefined": false
      },
      {
        "text": ".",
        "userDefined": false
      }
    ],
    "isTemplate": false,
    "count": 0,
    "lang": "en",
    "updated": 0
  },
  {
    "id": "bdde462f-2bd4-49a7-a8f9-9a167bc13341",
    "data": [
      {
        "text": "Show me ",
        "userDefined": false
      },
      {
        "text": "security",
        "meta": "@tx_assessment_type",
        "alias": "tx_assessment_type",
        "userDefined": false
      },
      {
        "text": " ",
        "userDefined": false
      },
      {
        "text": "risk epics",
        "userDefined": false
      },
      {
        "text": " for ",
        "userDefined": false
      },
      {
        "text": "IT",
        "meta": "@tx_company",
        "alias": "tx_company",
        "userDefined": false
      },
      {
        "text": ".",
        "userDefined": false
      }
    ],
    "isTemplate": false,
    "count": 0,
    "lang": "en",
    "updated": 0
  }
]