[
  {
    "id": "8b67f9c5-b193-4289-a5b3-6c381f0f6a8c",
    "data": [
      {
        "text": "I want to see ",
        "userDefined": false
      },
      {
        "text": "technology",
        "meta": "@tx_assessment_type",
        "alias": "tx_assessment_type",
        "userDefined": false
      },
      {
        "text": " ",
        "userDefined": false
      },
      {
        "text": "risk ratings",
        "userDefined": false
      },
      {
        "text": " for ",
        "userDefined": false
      },
      {
        "text": "TX Group",
        "meta": "@tx_company",
        "alias": "tx_company",
        "userDefined": false
      },
      {
        "text": ".",
        "userDefined": false
      }
    ],
    "isTemplate": false,
    "count": 0,
    "lang": "en",
    "updated": 0
  },
  {
    "id": "620d02a6-25d7-4174-86d9-b5798da1c749",
    "data": [
      {
        "text": "Give me the ",
        "userDefined": false
      },
      {
        "text": "risk ratings",
        "userDefined": false
      },
      {
        "text": " of type ",
        "userDefined": false
      },
      {
        "text": "privacy",
        "meta": "@tx_assessment_type",
        "alias": "tx_assessment_type",
        "userDefined": true
      },
      {
        "text": " for ",
        "userDefined": false
      },
      {
        "text": "20 Minuten",
        "meta": "@tx_company",
        "alias": "tx_company",
        "userDefined": false
      },
      {
        "text": ".",
        "userDefined": false
      }
    ],
    "isTemplate": false,
    "count": 0,
    "lang": "en",
    "updated": 0
  },
  {
    "id": "2b6d86f1-5097-4462-9f8d-bfc7aeee37b2",
    "data": [
      {
        "text": "Show me ",
        "userDefined": false
      },
      {
        "text": "security",
        "meta": "@tx_assessment_type",
        "alias": "tx_assessment_type",
        "userDefined": false
      },
      {
        "text": " ",
        "userDefined": false
      },
      {
        "text": "risk ratings",
        "userDefined": false
      },
      {
        "text": " for ",
        "userDefined": false
      },
      {
        "text": "IT",
        "meta": "@tx_company",
        "alias": "tx_company",
        "userDefined": false
      },
      {
        "text": ".",
        "userDefined": false
      }
    ],
    "isTemplate": false,
    "count": 0,
    "lang": "en",
    "updated": 0
  }
]