[
  {
    "id": "68e5c470-d395-41b6-a332-9b1227cf5118",
    "data": [
      {
        "text": "How do the ",
        "userDefined": false
      },
      {
        "text": "privacy",
        "meta": "@tx_assessment_type",
        "alias": "tx_assessment_type",
        "userDefined": false
      },
      {
        "text": " risks look like for ",
        "userDefined": false
      },
      {
        "text": "IT",
        "meta": "@tx_company",
        "alias": "tx_company",
        "userDefined": false
      },
      {
        "text": "?",
        "userDefined": false
      }
    ],
    "isTemplate": false,
    "count": 0,
    "lang": "en",
    "updated": 0
  },
  {
    "id": "d341dc96-deeb-4961-991b-c239f7e4b5cf",
    "data": [
      {
        "text": "Show me risks.",
        "userDefined": false
      }
    ],
    "isTemplate": false,
    "count": 0,
    "lang": "en",
    "updated": 0
  },
  {
    "id": "b8259d2a-9525-4cd8-b6fb-b905049c2c7e",
    "data": [
      {
        "text": "Show me ",
        "userDefined": false
      },
      {
        "text": "security",
        "meta": "@tx_assessment_type",
        "alias": "tx_assessment_type",
        "userDefined": true
      },
      {
        "text": " risks for ",
        "userDefined": false
      },
      {
        "text": "20 Minuten",
        "meta": "@tx_company",
        "alias": "tx_company",
        "userDefined": true
      }
    ],
    "isTemplate": false,
    "count": 0,
    "lang": "en",
    "updated": 0
  },
  {
    "id": "83ecbeb0-8ef9-41b5-a0b8-8e1d86949ad3",
    "data": [
      {
        "text": "What are the ",
        "userDefined": false
      },
      {
        "text": "privacy",
        "meta": "@tx_assessment_type",
        "alias": "tx_assessment_type",
        "userDefined": true
      },
      {
        "text": " risks?",
        "userDefined": false
      }
    ],
    "isTemplate": false,
    "count": 0,
    "lang": "en",
    "updated": 0
  },
  {
    "id": "548b9faf-3cd0-4319-87e7-62147670889a",
    "data": [
      {
        "text": "Show me ",
        "userDefined": false
      },
      {
        "text": "security",
        "meta": "@tx_assessment_type",
        "alias": "tx_assessment_type",
        "userDefined": true
      },
      {
        "text": " risks",
        "userDefined": false
      }
    ],
    "isTemplate": false,
    "count": 0,
    "lang": "en",
    "updated": 0
  }
]