[
  {
    "id": "ad5223f9-ac47-4099-8b21-2759e1e41a5b",
    "data": [
      {
        "text": "Show me some ",
        "userDefined": false
      },
      {
        "text": "privacy",
        "meta": "@tx_assessment_type",
        "alias": "tx_assessment_type",
        "userDefined": false
      },
      {
        "text": " findings please",
        "userDefined": false
      }
    ],
    "isTemplate": false,
    "count": 0,
    "lang": "en",
    "updated": 0
  },
  {
    "id": "295768c2-dea5-41c7-8954-5de1f15b6359",
    "data": [
      {
        "text": "Tell me, what are the newest ",
        "userDefined": false
      },
      {
        "text": "security",
        "meta": "@tx_assessment_type",
        "alias": "tx_assessment_type",
        "userDefined": false
      },
      {
        "text": " findings?",
        "userDefined": false
      }
    ],
    "isTemplate": false,
    "count": 0,
    "lang": "en",
    "updated": 0
  },
  {
    "id": "2a9c7547-5dab-4033-b02c-0961bcc4f749",
    "data": [
      {
        "text": "Show me the newest findings",
        "userDefined": false
      }
    ],
    "isTemplate": false,
    "count": 0,
    "lang": "en",
    "updated": 0
  }
]