[
  {
    "id": "13ccb4fe-576a-48d9-b90e-4c9531250488",
    "data": [
      {
        "text": "Show me top ",
        "userDefined": false
      },
      {
        "text": "security",
        "meta": "@tx_assessment_type",
        "alias": "tx_assessment_type",
        "userDefined": false
      },
      {
        "text": " measures please",
        "userDefined": false
      }
    ],
    "isTemplate": false,
    "count": 0,
    "lang": "en",
    "updated": 0
  },
  {
    "id": "7e8505c0-653c-46db-8a3b-879bcbdfca35",
    "data": [
      {
        "text": "Show me some ",
        "userDefined": false
      },
      {
        "text": "privacy",
        "meta": "@tx_assessment_type",
        "alias": "tx_assessment_type",
        "userDefined": false
      },
      {
        "text": " measures",
        "userDefined": false
      }
    ],
    "isTemplate": false,
    "count": 0,
    "lang": "en",
    "updated": 0
  },
  {
    "id": "98914356-ab69-4984-bea0-f4b989cc9767",
    "data": [
      {
        "text": "Show me the top measures of type ",
        "userDefined": false
      },
      {
        "text": "security",
        "meta": "@tx_assessment_type",
        "alias": "tx_assessment_type",
        "userDefined": true
      }
    ],
    "isTemplate": false,
    "count": 0,
    "lang": "en",
    "updated": 0
  }
]